,dissonance,duration
dissonance,1.0,0.09933120567716992
duration,0.09933120567716992,1.0
