,fpr,tpr
0,0.0,0.0
1,0.0,0.5833333333333334
2,0.2,0.8666666666666667
3,0.4,0.95
4,0.8,1.0
5,1.0,1.0
