,fpr,tpr
0,0.0,0.0
1,0.017543859649122806,0.42105263157894735
2,0.12280701754385964,0.7368421052631579
3,0.2807017543859649,0.9473684210526315
4,0.40350877192982454,1.0
5,1.0,1.0
